Model,Accuracy,Precision,Recall,F1,ROC-AUC
Loss - Weighted BCE,0.8170744190807657,0.5866624724756213,0.7976903336184773,0.6760920790284575,0.891540495915718
Optimizer - SGD + Momentum,0.847169618179957,0.696603071195905,0.6402908468776732,0.6672609761533318,0.89865424580794
Initialization - Random Normal,0.8451223257242297,0.6903553299492385,0.6398631308810949,0.6641509433962264,0.889783297468734
Initialization - Glorot Uniform,0.8426655747773569,0.6867132867132867,0.6300256629597947,0.657149230426054,0.8907813590190863
Activation - sigmoid,0.852492578564848,0.7415185783521809,0.5889649272882805,0.6564958283671037,0.9042217485554872
Activation - elu,0.8468625243115979,0.7128412537917088,0.6030795551753636,0.6533827618164968,0.8953160062020258
Optimizer - Adam,0.8306889139113522,0.6416735708367854,0.6625320786997434,0.6519360269360269,0.8799588952897597
Optimizer - SGD,0.8486027228989661,0.7271285034373347,0.588109495295124,0.6502719318987941,0.9007593843974776
Activation - tanh,0.8426655747773569,0.6962273395394415,0.6077844311377245,0.6490066225165563,0.891674232709965
Loss - MSE,0.8479885351622479,0.7286863270777479,0.5812660393498716,0.6466809421841542,0.8925529758292976
Initialization - He Normal,0.8425632101545706,0.7016129032258065,0.5953806672369547,0.6441462285978714,0.8891363129902603
Activation - relu,0.8434844917596479,0.7071172555043522,0.5906757912745937,0.6436728035422978,0.8920535997041041
Baseline ANN,0.8446105026102979,0.7135416666666666,0.5859709153122327,0.6434945984030062,0.8913983843835486
Without BatchNorm,0.8394922714709796,0.6887254901960784,0.6009409751924722,0.6418455915943353,0.8887314188740001
With BatchNorm,0.8296652676834886,0.6466492602262838,0.6355859709153122,0.6410698878343399,0.877819538269329
Loss - Binary Cross Entropy,0.8422561162862114,0.715056664867782,0.5667236954662105,0.6323073252207111,0.8875126211041784
Optimizer - RMSprop,0.8356024158050978,0.6808300395256917,0.5893926432848589,0.6318202659330582,0.882710327657736
Loss - Focal Loss,0.8336574879721568,0.7891321978913219,0.4161676646706587,0.5449453934472137,0.8900151712262654
Initialization - Zeros,0.7606715119254785,0.0,0.0,0.0,0.5
